,url
0,https://n.news.naver.com/mnews/article/009/0004738220?sid=101
1,https://n.news.naver.com/mnews/article/001/0012238305?sid=103
2,https://n.news.naver.com/mnews/article/015/0004488020?sid=101
3,https://n.news.naver.com/mnews/article/009/0004744173?sid=101
4,https://n.news.naver.com/mnews/article/003/0010325237?sid=101
5,https://n.news.naver.com/mnews/article/008/0004530924?sid=101
6,https://n.news.naver.com/mnews/article/469/0000570073?sid=103
7,https://n.news.naver.com/mnews/article/296/0000047951?sid=103
8,https://n.news.naver.com/mnews/article/011/0003873340?sid=101
9,https://n.news.naver.com/mnews/article/056/0010974824?sid=101
10,https://n.news.naver.com/mnews/article/277/0004866055?sid=101
11,https://n.news.naver.com/mnews/article/366/0000673434?sid=004
12,https://n.news.naver.com/mnews/article/052/0001540939?sid=101
13,https://n.news.naver.com/mnews/article/029/0002651394?sid=101
14,https://n.news.naver.com/mnews/article/018/0004819481?sid=101
15,https://n.news.naver.com/mnews/article/366/0000676873?sid=004
16,https://n.news.naver.com/mnews/article/366/0000655130?sid=101
17,https://n.news.naver.com/mnews/article/346/0000037539?sid=103
18,https://n.news.naver.com/mnews/article/003/0010307292?sid=101
19,https://n.news.naver.com/mnews/article/009/0004755960?sid=103
20,https://n.news.naver.com/mnews/article/277/0004821399?sid=101
21,https://n.news.naver.com/mnews/article/018/0004850505?sid=101
22,https://n.news.naver.com/mnews/article/020/0003339927?sid=101
23,https://n.news.naver.com/mnews/article/052/0001541816?sid=102
24,https://n.news.naver.com/mnews/article/018/0004837722?sid=101
25,https://n.news.naver.com/mnews/article/015/0004482257?sid=101
26,https://n.news.naver.com/mnews/article/374/0000229850?sid=101
27,https://n.news.naver.com/mnews/article/366/0000688954?sid=004
28,https://n.news.naver.com/mnews/article/088/0000691681?sid=102
29,https://n.news.naver.com/mnews/article/052/0001558628?sid=101
30,https://n.news.naver.com/mnews/article/215/0000929196?sid=104
31,https://n.news.naver.com/mnews/article/003/0010312261?sid=101
32,https://n.news.naver.com/mnews/article/421/0005084621?sid=102
33,https://n.news.naver.com/mnews/article/011/0003856235?sid=101
34,https://n.news.naver.com/mnews/article/016/0001780574?sid=103
35,https://n.news.naver.com/mnews/article/052/0001542952?sid=101
36,https://n.news.naver.com/mnews/article/001/0012189974?sid=103
37,https://n.news.naver.com/mnews/article/011/0003859146?sid=101
38,https://n.news.naver.com/mnews/article/018/0004873999?sid=101
39,https://n.news.naver.com/mnews/article/448/0000318352?sid=101
40,https://n.news.naver.com/mnews/article/417/0000654905?sid=101
41,https://n.news.naver.com/mnews/article/018/0004833534?sid=101
42,https://n.news.naver.com/mnews/article/011/0003861288?sid=101
43,https://n.news.naver.com/mnews/article/079/0003458738?sid=102
44,https://n.news.naver.com/mnews/article/029/0002649841?sid=101
45,https://n.news.naver.com/mnews/article/277/0004850839?sid=101
46,https://n.news.naver.com/mnews/article/215/0000929189?sid=101
47,https://n.news.naver.com/mnews/article/018/0004854834?sid=101
48,https://n.news.naver.com/mnews/article/088/0000686912?sid=101
49,https://n.news.naver.com/mnews/article/021/0002457446?sid=101
50,https://n.news.naver.com/mnews/article/014/0004587836?sid=101
51,https://n.news.naver.com/mnews/article/028/0002526901?sid=101
52,https://n.news.naver.com/mnews/article/008/0004552854?sid=101
53,https://n.news.naver.com/mnews/article/014/0004576935?sid=101
54,https://n.news.naver.com/mnews/article/374/0000235361?sid=101
55,https://n.news.naver.com/mnews/article/032/0003055106?sid=101
56,https://n.news.naver.com/mnews/article/056/0010974341?sid=101
57,https://n.news.naver.com/mnews/article/079/0003463995?sid=101
58,https://n.news.naver.com/mnews/article/421/0005206128?sid=101
59,https://n.news.naver.com/mnews/article/015/0004487354?sid=101
60,https://n.news.naver.com/mnews/article/014/0004558652?sid=103
61,https://n.news.naver.com/mnews/article/366/0000673897?sid=004
62,https://n.news.naver.com/mnews/article/015/0004501837?sid=101
63,https://n.news.naver.com/mnews/article/003/0010322713?sid=102
64,https://n.news.naver.com/mnews/article/014/0004570112?sid=103
65,https://n.news.naver.com/mnews/article/009/0004757566?sid=101
66,https://n.news.naver.com/mnews/article/081/0003160993?sid=101
67,https://n.news.naver.com/mnews/article/586/0000022102?sid=101
68,https://n.news.naver.com/mnews/article/277/0004846352?sid=101
69,https://n.news.naver.com/mnews/article/056/0010973848?sid=101
70,https://n.news.naver.com/mnews/article/001/0012127088?sid=104
71,https://n.news.naver.com/mnews/article/023/0003601386?sid=103
72,https://n.news.naver.com/mnews/article/081/0003154961?sid=101
73,https://n.news.naver.com/mnews/article/018/0004847537?sid=101
74,https://n.news.naver.com/mnews/article/092/0002209909?sid=105
75,https://n.news.naver.com/mnews/article/468/0000731929?sid=101
76,https://n.news.naver.com/mnews/article/031/0000577657?sid=101
77,https://n.news.naver.com/mnews/article/032/0003063432?sid=102
78,https://n.news.naver.com/mnews/article/009/0004731537?sid=101
79,https://n.news.naver.com/mnews/article/022/0003556988?sid=101
80,https://n.news.naver.com/mnews/article/056/0011005898?sid=101
81,https://n.news.naver.com/mnews/article/014/0004564729?sid=101
82,https://n.news.naver.com/mnews/article/018/0004819289?sid=101
83,https://n.news.naver.com/mnews/article/014/0004577416?sid=101
84,https://n.news.naver.com/mnews/article/417/0000653741?sid=101
85,https://n.news.naver.com/mnews/article/020/0003339720?sid=101
86,https://n.news.naver.com/mnews/article/009/0004727122?sid=101
87,https://n.news.naver.com/mnews/article/003/0010378956?sid=101
88,https://n.news.naver.com/mnews/article/003/0010342080?sid=101
89,https://n.news.naver.com/mnews/article/366/0000659408?sid=102
90,https://n.news.naver.com/mnews/article/011/0003878674?sid=101
91,https://n.news.naver.com/mnews/article/014/0004592247?sid=101
92,https://n.news.naver.com/mnews/article/079/0003486378?sid=101
93,https://n.news.naver.com/mnews/article/009/0004755996?sid=101
94,https://n.news.naver.com/mnews/article/001/0012189943?sid=101
95,https://n.news.naver.com/mnews/article/015/0004496223?sid=101
96,https://n.news.naver.com/mnews/article/055/0000866585?sid=101
97,https://n.news.naver.com/mnews/article/277/0004829302?sid=101
98,https://n.news.naver.com/mnews/article/001/0012140601?sid=101
99,https://n.news.naver.com/mnews/article/056/0010979292?sid=102
100,https://n.news.naver.com/mnews/article/018/0004872963?sid=101
101,https://n.news.naver.com/mnews/article/469/0000581849?sid=101
102,https://n.news.naver.com/mnews/article/018/0004828780?sid=101
103,https://n.news.naver.com/mnews/article/366/0000663817?sid=101
104,https://n.news.naver.com/mnews/article/448/0000316431?sid=101
105,https://n.news.naver.com/mnews/article/009/0004734045?sid=103
106,https://n.news.naver.com/mnews/article/018/0004833231?sid=101
107,https://n.news.naver.com/mnews/article/003/0010378952?sid=101
108,https://n.news.naver.com/mnews/article/082/0001061070?sid=101
109,https://n.news.naver.com/mnews/article/009/0004744082?sid=103
110,https://n.news.naver.com/mnews/article/215/0000931376?sid=004
111,https://n.news.naver.com/mnews/article/047/0002300117?sid=101
112,https://n.news.naver.com/mnews/article/417/0000667110?sid=102
113,https://n.news.naver.com/mnews/article/022/0003542048?sid=101
114,https://n.news.naver.com/mnews/article/008/0004553937?sid=101
115,https://n.news.naver.com/mnews/article/417/0000657268?sid=101
116,https://n.news.naver.com/mnews/article/018/0004858641?sid=101
117,https://n.news.naver.com/mnews/article/082/0001060113?sid=102
118,https://n.news.naver.com/mnews/article/015/0004484759?sid=101
119,https://n.news.naver.com/mnews/article/277/0004821170?sid=101
120,https://n.news.naver.com/mnews/article/108/0002936552?sid=004
121,https://n.news.naver.com/mnews/article/629/0000073563?sid=101
122,https://n.news.naver.com/mnews/article/056/0010979134?sid=101
123,https://n.news.naver.com/mnews/article/081/0003165814?sid=101
124,https://n.news.naver.com/mnews/article/023/0003601529?sid=103
125,https://n.news.naver.com/mnews/article/076/0003710251?sid=106
126,https://n.news.naver.com/mnews/article/055/0000872168?sid=101
127,https://n.news.naver.com/mnews/article/014/0004569119?sid=101
128,https://n.news.naver.com/mnews/article/079/0003457421?sid=101
129,https://n.news.naver.com/mnews/article/057/0001559822?sid=102
130,https://n.news.naver.com/mnews/article/018/0004872274?sid=105
131,https://n.news.naver.com/mnews/article/079/0003450179?sid=101
132,https://n.news.naver.com/mnews/article/018/0004856874?sid=101
133,https://n.news.naver.com/mnews/article/449/0000202610?sid=102
134,https://n.news.naver.com/mnews/article/382/0000881933?sid=101
135,https://n.news.naver.com/mnews/article/008/0004536497?sid=101
136,https://n.news.naver.com/mnews/article/055/0000875754?sid=101
137,https://n.news.naver.com/mnews/article/029/0002649897?sid=101
138,https://n.news.naver.com/mnews/article/584/0000012197?sid=105
139,https://n.news.naver.com/mnews/article/030/0002931789?sid=101
140,https://n.news.naver.com/mnews/article/421/0005200628?sid=102
141,https://n.news.naver.com/mnews/article/029/0002647637?sid=101
142,https://n.news.naver.com/mnews/article/022/0003545475?sid=101
143,https://n.news.naver.com/mnews/article/119/0002465417?sid=101
144,https://n.news.naver.com/mnews/article/003/0010346350?sid=102
145,https://n.news.naver.com/mnews/article/018/0004851274?sid=101
146,https://n.news.naver.com/mnews/article/421/0005200716?sid=101
147,https://n.news.naver.com/mnews/article/087/0000828782?sid=101
148,https://n.news.naver.com/mnews/article/417/0000655062?sid=101
149,https://n.news.naver.com/mnews/article/056/0010967560?sid=101
150,https://n.news.naver.com/mnews/article/421/0005115100?sid=102
151,https://n.news.naver.com/mnews/article/016/0001814598?sid=101
152,https://n.news.naver.com/mnews/article/032/0003054956?sid=101
153,https://n.news.naver.com/mnews/article/081/0003154968?sid=101
154,https://n.news.naver.com/mnews/article/469/0000581881?sid=101
155,https://n.news.naver.com/mnews/article/469/0000591339?sid=103
156,https://n.news.naver.com/mnews/article/366/0000691509?sid=004
157,https://n.news.naver.com/mnews/article/052/0001565594?sid=100
158,https://n.news.naver.com/mnews/article/011/0003873221?sid=101
159,https://n.news.naver.com/mnews/article/022/0003558481?sid=101
160,https://n.news.naver.com/mnews/article/277/0004851146?sid=101
161,https://n.news.naver.com/mnews/article/008/0004534895?sid=101
162,https://n.news.naver.com/mnews/article/366/0000669368?sid=004
163,https://n.news.naver.com/mnews/article/014/0004568636?sid=101
164,https://n.news.naver.com/mnews/article/052/0001542978?sid=102
165,https://n.news.naver.com/mnews/article/001/0012185951?sid=103
166,https://n.news.naver.com/mnews/article/421/0005123790?sid=102
167,https://n.news.naver.com/mnews/article/056/0010978185?sid=101
168,https://n.news.naver.com/mnews/article/018/0004856902?sid=101
169,https://n.news.naver.com/mnews/article/018/0004856609?sid=101
170,https://n.news.naver.com/mnews/article/028/0002533309?sid=101
171,https://n.news.naver.com/mnews/article/014/0004589208?sid=101
172,https://n.news.naver.com/mnews/article/417/0000672273?sid=103
173,https://n.news.naver.com/mnews/article/014/0004611245?sid=101
174,https://n.news.naver.com/mnews/article/417/0000645087?sid=101
175,https://n.news.naver.com/mnews/article/421/0005200762?sid=101
176,https://n.news.naver.com/mnews/article/079/0003462421?sid=102
177,https://n.news.naver.com/mnews/article/374/0000231102?sid=101
178,https://n.news.naver.com/mnews/article/469/0000573868?sid=110
179,https://n.news.naver.com/mnews/article/076/0003699223?sid=101
180,https://n.news.naver.com/mnews/article/448/0000316557?sid=101
181,https://n.news.naver.com/mnews/article/082/0001059839?sid=101
182,https://n.news.naver.com/mnews/article/001/0012272480?sid=101
183,https://n.news.naver.com/mnews/article/015/0004504411?sid=101
184,https://n.news.naver.com/mnews/article/014/0004571196?sid=101
185,https://n.news.naver.com/mnews/article/421/0005174889?sid=101
186,https://n.news.naver.com/mnews/article/018/0004824251?sid=101
187,https://n.news.naver.com/mnews/article/052/0001553227?sid=101
188,https://n.news.naver.com/mnews/article/056/0010992798?sid=101
189,https://n.news.naver.com/mnews/article/421/0005207146?sid=101
190,https://n.news.naver.com/mnews/article/421/0005142767?sid=101
191,https://n.news.naver.com/mnews/article/079/0003457645?sid=101
192,https://n.news.naver.com/mnews/article/422/0000475324?sid=102
193,https://n.news.naver.com/mnews/article/055/0000870244?sid=101
194,https://n.news.naver.com/mnews/article/016/0001796254?sid=101
195,https://n.news.naver.com/mnews/article/469/0000579921?sid=101
196,https://n.news.naver.com/mnews/article/421/0005110956?sid=102
197,https://n.news.naver.com/mnews/article/018/0004850254?sid=101
198,https://n.news.naver.com/mnews/article/018/0004857856?sid=101
199,https://n.news.naver.com/mnews/article/374/0000231108?sid=101
200,https://n.news.naver.com/mnews/article/449/0000202972?sid=101
201,https://n.news.naver.com/mnews/article/374/0000235071?sid=101
202,https://n.news.naver.com/mnews/article/014/0004603994?sid=101
203,https://n.news.naver.com/mnews/article/421/0005144967?sid=101
204,https://n.news.naver.com/mnews/article/023/0003588893?sid=101
205,https://n.news.naver.com/mnews/article/277/0004850828?sid=101
206,https://n.news.naver.com/mnews/article/421/0005101802?sid=102
207,https://n.news.naver.com/mnews/article/018/0004835593?sid=101
208,https://n.news.naver.com/mnews/article/018/0004819762?sid=101
209,https://n.news.naver.com/mnews/article/023/0003595650?sid=101
210,https://n.news.naver.com/mnews/article/029/0002651278?sid=101
211,https://n.news.naver.com/mnews/article/081/0003173334?sid=101
212,https://n.news.naver.com/mnews/article/032/0003052084?sid=101
213,https://n.news.naver.com/mnews/article/003/0010404628?sid=102
214,https://n.news.naver.com/mnews/article/008/0004561762?sid=101
215,https://n.news.naver.com/mnews/article/018/0004827817?sid=101
216,https://n.news.naver.com/mnews/article/277/0004866222?sid=101
217,https://n.news.naver.com/mnews/article/417/0000661148?sid=101
218,https://n.news.naver.com/mnews/article/421/0005175747?sid=101
219,https://n.news.naver.com/mnews/article/468/0000744887?sid=101
220,https://n.news.naver.com/mnews/article/366/0000671831?sid=101
221,https://n.news.naver.com/mnews/article/056/0011005808?sid=101
222,https://n.news.naver.com/mnews/article/366/0000660523?sid=004
223,https://n.news.naver.com/mnews/article/020/0003336556?sid=101
224,https://n.news.naver.com/mnews/article/448/0000316908?sid=101
225,https://n.news.naver.com/mnews/article/087/0000829124?sid=110
226,https://n.news.naver.com/mnews/article/277/0004826498?sid=101
227,https://n.news.naver.com/mnews/article/366/0000658523?sid=004
228,https://n.news.naver.com/mnews/article/003/0010384346?sid=102
229,https://n.news.naver.com/mnews/article/421/0005112487?sid=101
230,https://n.news.naver.com/mnews/article/020/0003340030?sid=101
231,https://n.news.naver.com/mnews/article/018/0004869871?sid=101
232,https://n.news.naver.com/mnews/article/277/0004835096?sid=101
233,https://n.news.naver.com/mnews/article/018/0004843612?sid=101
234,https://n.news.naver.com/mnews/article/014/0004559418?sid=101
235,https://n.news.naver.com/mnews/article/448/0000318006?sid=101
236,https://n.news.naver.com/mnews/article/262/0000014123?sid=104
237,https://n.news.naver.com/mnews/article/003/0010326122?sid=101
238,https://n.news.naver.com/mnews/article/016/0001796080?sid=101
239,https://n.news.naver.com/mnews/article/015/0004501801?sid=101
240,https://n.news.naver.com/mnews/article/421/0005175751?sid=101
241,https://n.news.naver.com/mnews/article/214/0001093005?sid=101
242,https://n.news.naver.com/mnews/article/018/0004851266?sid=101
243,https://n.news.naver.com/mnews/article/023/0003594814?sid=101
244,https://n.news.naver.com/mnews/article/020/0003339762?sid=101
245,https://n.news.naver.com/mnews/article/417/0000645472?sid=101
246,https://n.news.naver.com/mnews/article/449/0000204938?sid=101
247,https://n.news.naver.com/mnews/article/033/0000042356?sid=101
248,https://n.news.naver.com/mnews/article/018/0004829573?sid=101
249,https://n.news.naver.com/mnews/article/421/0005119798?sid=101
250,https://n.news.naver.com/mnews/article/417/0000656983?sid=101
251,https://n.news.naver.com/mnews/article/018/0004857043?sid=101
252,https://n.news.naver.com/mnews/article/023/0003591794?sid=101
253,https://n.news.naver.com/mnews/article/417/0000650048?sid=102
254,https://n.news.naver.com/mnews/article/076/0003707499?sid=106
255,https://n.news.naver.com/mnews/article/023/0003587478?sid=101
256,https://n.news.naver.com/mnews/article/018/0004830769?sid=101
257,https://n.news.naver.com/mnews/article/366/0000653669?sid=004
258,https://n.news.naver.com/mnews/article/028/0002529883?sid=101
259,https://n.news.naver.com/mnews/article/119/0002461961?sid=101
260,https://n.news.naver.com/mnews/article/031/0000584852?sid=101
261,https://n.news.naver.com/mnews/article/016/0001784773?sid=100
262,https://n.news.naver.com/mnews/article/123/0002243308?sid=101
263,https://n.news.naver.com/mnews/article/214/0001094118?sid=101
264,https://n.news.naver.com/mnews/article/449/0000204939?sid=101
265,https://n.news.naver.com/mnews/article/018/0004845194?sid=101
266,https://n.news.naver.com/mnews/article/001/0012243255?sid=104
267,https://n.news.naver.com/mnews/article/214/0001094338?sid=101
268,https://n.news.naver.com/mnews/article/448/0000319384?sid=102
269,https://n.news.naver.com/mnews/article/009/0004752182?sid=101
270,https://n.news.naver.com/mnews/article/052/0001553361?sid=101
271,https://n.news.naver.com/mnews/article/056/0010986407?sid=101
272,https://n.news.naver.com/mnews/article/018/0004882181?sid=101
273,https://n.news.naver.com/mnews/article/018/0004858645?sid=101
274,https://n.news.naver.com/mnews/article/018/0004882930?sid=101
275,https://n.news.naver.com/mnews/article/422/0000467528?sid=101
276,https://n.news.naver.com/mnews/article/366/0000672791?sid=004
277,https://n.news.naver.com/mnews/article/015/0004488723?sid=101
278,https://n.news.naver.com/mnews/article/421/0005137401?sid=102
279,https://n.news.naver.com/mnews/article/014/0004585340?sid=103
280,https://n.news.naver.com/mnews/article/028/0002529351?sid=101
281,https://n.news.naver.com/mnews/article/448/0000319344?sid=101
282,https://n.news.naver.com/mnews/article/014/0004592186?sid=101
283,https://n.news.naver.com/mnews/article/009/0004751777?sid=101
284,https://n.news.naver.com/mnews/article/353/0000038929?sid=103
285,https://n.news.naver.com/mnews/article/008/0004527993?sid=101
286,https://n.news.naver.com/mnews/article/014/0004568865?sid=101
287,https://n.news.naver.com/mnews/article/009/0004760531?sid=101
288,https://n.news.naver.com/mnews/article/214/0001100954?sid=101
289,https://n.news.naver.com/mnews/article/277/0004850678?sid=101
290,https://n.news.naver.com/mnews/article/015/0004512873?sid=101
291,https://n.news.naver.com/mnews/article/056/0010992080?sid=101
292,https://n.news.naver.com/mnews/article/056/0010974016?sid=101
293,https://n.news.naver.com/mnews/article/009/0004751812?sid=101
294,https://n.news.naver.com/mnews/article/417/0000664583?sid=101
295,https://n.news.naver.com/mnews/article/057/0001537475?sid=101
296,https://n.news.naver.com/mnews/article/020/0003340724?sid=104
297,https://n.news.naver.com/mnews/article/277/0004845622?sid=101
298,https://n.news.naver.com/mnews/article/016/0001801308?sid=103
299,https://n.news.naver.com/mnews/article/028/0002537434?sid=101
300,https://n.news.naver.com/mnews/article/011/0003879750?sid=101
301,https://n.news.naver.com/mnews/article/421/0005139672?sid=102
302,https://n.news.naver.com/mnews/article/353/0000038889?sid=102
303,https://n.news.naver.com/mnews/article/015/0004485621?sid=110
304,https://n.news.naver.com/mnews/article/028/0002528965?sid=101
305,https://n.news.naver.com/mnews/article/081/0003165177?sid=110
306,https://n.news.naver.com/mnews/article/031/0000585959?sid=101
307,https://n.news.naver.com/mnews/article/003/0010311285?sid=101
308,https://n.news.naver.com/mnews/article/016/0001796031?sid=101
309,https://n.news.naver.com/mnews/article/029/0002656392?sid=101
310,https://n.news.naver.com/mnews/article/469/0000570306?sid=101
311,https://n.news.naver.com/mnews/article/119/0002457430?sid=101
312,https://n.news.naver.com/mnews/article/214/0001094203?sid=101
313,https://n.news.naver.com/mnews/article/015/0004517934?sid=101
314,https://n.news.naver.com/mnews/article/015/0004518357?sid=101
315,https://n.news.naver.com/mnews/article/088/0000686261?sid=101
316,https://n.news.naver.com/mnews/article/469/0000568555?sid=110
317,https://n.news.naver.com/mnews/article/468/0000748851?sid=101
318,https://n.news.naver.com/mnews/article/422/0000465628?sid=101
319,https://n.news.naver.com/mnews/article/032/0003062390?sid=101
320,https://n.news.naver.com/mnews/article/018/0004861640?sid=101
321,https://n.news.naver.com/mnews/article/023/0003592028?sid=004
322,https://n.news.naver.com/mnews/article/088/0000679882?sid=101
323,https://n.news.naver.com/mnews/article/421/0005122244?sid=101
324,https://n.news.naver.com/mnews/article/050/0000056956?sid=101
325,https://n.news.naver.com/mnews/article/014/0004598310?sid=102
326,https://n.news.naver.com/mnews/article/023/0003591048?sid=101
327,https://n.news.naver.com/mnews/article/003/0010394300?sid=101
328,https://n.news.naver.com/mnews/article/586/0000020621?sid=102
329,https://n.news.naver.com/mnews/article/029/0002664417?sid=101
330,https://n.news.naver.com/mnews/article/015/0004477128?sid=101
331,https://n.news.naver.com/mnews/article/469/0000580008?sid=110
332,https://n.news.naver.com/mnews/article/018/0004830147?sid=101
333,https://n.news.naver.com/mnews/article/001/0012231370?sid=101
334,https://n.news.naver.com/mnews/article/018/0004841760?sid=101
335,https://n.news.naver.com/mnews/article/003/0010356363?sid=101
336,https://n.news.naver.com/mnews/article/277/0004851144?sid=101
337,https://n.news.naver.com/mnews/article/020/0003331499?sid=101
338,https://n.news.naver.com/mnews/article/052/0001536915?sid=100
339,https://n.news.naver.com/mnews/article/001/0012207624?sid=101
340,https://n.news.naver.com/mnews/article/015/0004477039?sid=103
341,https://n.news.naver.com/mnews/article/366/0000689143?sid=101
342,https://n.news.naver.com/mnews/article/417/0000650191?sid=101
343,https://n.news.naver.com/mnews/article/087/0000830439?sid=110
344,https://n.news.naver.com/mnews/article/082/0001068148?sid=101
345,https://n.news.naver.com/mnews/article/023/0003588183?sid=101
346,https://n.news.naver.com/mnews/article/055/0000865799?sid=101
347,https://n.news.naver.com/mnews/article/009/0004758236?sid=103
348,https://n.news.naver.com/mnews/article/123/0002238602?sid=101
349,https://n.news.naver.com/mnews/article/011/0003856760?sid=101
350,https://n.news.naver.com/mnews/article/055/0000865721?sid=101
351,https://n.news.naver.com/mnews/article/014/0004592145?sid=101
352,https://n.news.naver.com/mnews/article/629/0000068645?sid=101
353,https://n.news.naver.com/mnews/article/009/0004738126?sid=103
354,https://n.news.naver.com/mnews/article/018/0004858640?sid=101
355,https://n.news.naver.com/mnews/article/003/0010305973?sid=101
356,https://n.news.naver.com/mnews/article/003/0010310658?sid=101
357,https://n.news.naver.com/mnews/article/417/0000665823?sid=101
358,https://n.news.naver.com/mnews/article/032/0003057072?sid=101
359,https://n.news.naver.com/mnews/article/001/0012243787?sid=101
360,https://n.news.naver.com/mnews/article/421/0005175485?sid=101
361,https://n.news.naver.com/mnews/article/008/0004553992?sid=101
362,https://n.news.naver.com/mnews/article/023/0003588235?sid=101
363,https://n.news.naver.com/mnews/article/055/0000866627?sid=101
364,https://n.news.naver.com/mnews/article/011/0003866278?sid=101
365,https://n.news.naver.com/mnews/article/056/0010974266?sid=101
366,https://n.news.naver.com/mnews/article/584/0000012172?sid=105
367,https://n.news.naver.com/mnews/article/018/0004887902?sid=101
368,https://n.news.naver.com/mnews/article/468/0000749532?sid=102
369,https://n.news.naver.com/mnews/article/015/0004480649?sid=104
370,https://n.news.naver.com/mnews/article/018/0004884388?sid=101
371,https://n.news.naver.com/mnews/article/241/0003099327?sid=101
372,https://n.news.naver.com/mnews/article/366/0000669584?sid=004
373,https://n.news.naver.com/mnews/article/057/0001550561?sid=101
374,https://n.news.naver.com/mnews/article/437/0000259264?sid=101
375,https://n.news.naver.com/mnews/article/366/0000677697?sid=004
376,https://n.news.naver.com/mnews/article/020/0003339700?sid=101
377,https://n.news.naver.com/mnews/article/277/0004870908?sid=101
378,https://n.news.naver.com/mnews/article/214/0001095859?sid=101
379,https://n.news.naver.com/mnews/article/366/0000663259?sid=101
380,https://n.news.naver.com/mnews/article/277/0004826494?sid=101
381,https://n.news.naver.com/mnews/article/421/0005139615?sid=102
382,https://n.news.naver.com/mnews/article/215/0000929748?sid=101
383,https://n.news.naver.com/mnews/article/088/0000684615?sid=101
384,https://n.news.naver.com/mnews/article/055/0000872125?sid=101
385,https://n.news.naver.com/mnews/article/421/0005175756?sid=101
386,https://n.news.naver.com/mnews/article/088/0000683973?sid=110
387,https://n.news.naver.com/mnews/article/018/0004819681?sid=101
388,https://n.news.naver.com/mnews/article/088/0000689136?sid=101
389,https://n.news.naver.com/mnews/article/056/0010970996?sid=101
390,https://n.news.naver.com/mnews/article/028/0002530236?sid=102
391,https://n.news.naver.com/mnews/article/011/0003857108?sid=101
392,https://n.news.naver.com/mnews/article/241/0003082239?sid=101
393,https://n.news.naver.com/mnews/article/016/0001800213?sid=103
394,https://n.news.naver.com/mnews/article/052/0001536248?sid=101
395,https://n.news.naver.com/mnews/article/028/0002530584?sid=101
396,https://n.news.naver.com/mnews/article/421/0005147042?sid=101
397,https://n.news.naver.com/mnews/article/353/0000038775?sid=103
398,https://n.news.naver.com/mnews/article/015/0004512749?sid=101
399,https://n.news.naver.com/mnews/article/003/0010326130?sid=101
400,https://n.news.naver.com/mnews/article/011/0003859898?sid=101
401,https://n.news.naver.com/mnews/article/018/0004858096?sid=101
402,https://n.news.naver.com/mnews/article/015/0004484786?sid=101
403,https://n.news.naver.com/mnews/article/277/0004825437?sid=101
404,https://n.news.naver.com/mnews/article/050/0000056437?sid=101
405,https://n.news.naver.com/mnews/article/015/0004479958?sid=101
406,https://n.news.naver.com/mnews/article/055/0000870278?sid=101
407,https://n.news.naver.com/mnews/article/366/0000649945?sid=101
408,https://n.news.naver.com/mnews/article/277/0004850801?sid=101
409,https://n.news.naver.com/mnews/article/001/0012159541?sid=103
410,https://n.news.naver.com/mnews/article/277/0004833505?sid=101
411,https://n.news.naver.com/mnews/article/469/0000590875?sid=101
412,https://n.news.naver.com/mnews/article/014/0004575614?sid=101
413,https://n.news.naver.com/mnews/article/277/0004847614?sid=110
414,https://n.news.naver.com/mnews/article/008/0004529445?sid=101
415,https://n.news.naver.com/mnews/article/469/0000575122?sid=102
416,https://n.news.naver.com/mnews/article/021/0002462241?sid=101
417,https://n.news.naver.com/mnews/article/417/0000675713?sid=101
418,https://n.news.naver.com/mnews/article/119/0002470425?sid=101
419,https://n.news.naver.com/mnews/article/018/0004888614?sid=101
420,https://n.news.naver.com/mnews/article/056/0010964051?sid=101
421,https://n.news.naver.com/mnews/article/087/0000831493?sid=102
422,https://n.news.naver.com/mnews/article/056/0011003988?sid=101
423,https://n.news.naver.com/mnews/article/055/0000865752?sid=101
424,https://n.news.naver.com/mnews/article/018/0004837355?sid=101
425,https://n.news.naver.com/mnews/article/437/0000256446?sid=101
426,https://n.news.naver.com/mnews/article/032/0003056842?sid=102
427,https://n.news.naver.com/mnews/article/421/0005201431?sid=101
428,https://n.news.naver.com/mnews/article/016/0001796199?sid=101
429,https://n.news.naver.com/mnews/article/029/0002653007?sid=105
430,https://n.news.naver.com/mnews/article/082/0001058305?sid=101
431,https://n.news.naver.com/mnews/article/052/0001553393?sid=101
432,https://n.news.naver.com/mnews/article/003/0010279800?sid=101
433,https://n.news.naver.com/mnews/article/001/0012152140?sid=101
434,https://n.news.naver.com/mnews/article/421/0005161353?sid=101
435,https://n.news.naver.com/mnews/article/082/0001064565?sid=101
436,https://n.news.naver.com/mnews/article/055/0000870323?sid=101
